timestamp,latency,endpoint,test_type,load
2024-11-20 22:08:45.215987+00:00,0.538768,/available_languages,user_profile_2,10
2024-11-20 22:08:45.217680+00:00,0.54337,/available_languages,user_profile_2,10
2024-11-20 22:08:45.318002+00:00,0.640839,/available_languages,user_profile_2,10
2024-11-20 22:08:45.323305+00:00,0.648586,/available_languages,user_profile_2,10
2024-11-20 22:08:45.325224+00:00,0.646266,/available_languages,user_profile_2,10
2024-11-20 22:08:45.332455+00:00,0.657774,/available_languages,user_profile_2,10
2024-11-20 22:08:45.334350+00:00,0.655649,/available_languages,user_profile_2,10
2024-11-20 22:08:45.336872+00:00,0.658928,/available_languages,user_profile_2,10
2024-11-20 22:08:45.339340+00:00,0.665807,/available_languages,user_profile_2,10
2024-11-20 22:08:45.340469+00:00,0.653236,/available_languages,user_profile_2,10
2024-11-20 22:08:45.720085+00:00,0.363807,/available_languages,user_profile_2,10
2024-11-20 22:08:45.721047+00:00,0.368994,/available_languages,user_profile_2,10
2024-11-20 22:08:45.775602+00:00,0.406069,/available_languages,user_profile_2,10
2024-11-20 22:08:45.783341+00:00,0.415156,/available_languages,user_profile_2,10
2024-11-20 22:08:45.787165+00:00,0.426504,/available_languages,user_profile_2,10
2024-11-20 22:08:45.791835+00:00,0.432641,/available_languages,user_profile_2,10
2024-11-20 22:08:45.795769+00:00,0.417187,/available_languages,user_profile_2,10
2024-11-20 22:08:45.797965+00:00,0.425278,/available_languages,user_profile_2,10
2024-11-20 22:08:45.800117+00:00,0.418244,/available_languages,user_profile_2,10
2024-11-20 22:08:45.802745+00:00,0.423805,/available_languages,user_profile_2,10
2024-11-20 22:08:46.248252+00:00,0.431844,/available_languages,user_profile_2,10
2024-11-20 22:08:46.249090+00:00,0.424355,/available_languages,user_profile_2,10
2024-11-20 22:08:46.328713+00:00,0.495574,/available_languages,user_profile_2,10
2024-11-20 22:08:46.330604+00:00,0.501841,/available_languages,user_profile_2,10
2024-11-20 22:08:46.332648+00:00,0.495358,/available_languages,user_profile_2,10
2024-11-20 22:08:46.334531+00:00,0.488558,/available_languages,user_profile_2,10
2024-11-20 22:08:46.336637+00:00,0.514535,/available_languages,user_profile_2,10
2024-11-20 22:08:46.338717+00:00,0.488807,/available_languages,user_profile_2,10
2024-11-20 22:08:46.339592+00:00,0.496578,/available_languages,user_profile_2,10
2024-11-20 22:08:46.340622+00:00,0.478999,/available_languages,user_profile_2,10
2024-11-20 22:08:46.733782+00:00,0.376064,/available_languages,user_profile_2,10
2024-11-20 22:08:46.734284+00:00,0.386369,/available_languages,user_profile_2,10
2024-11-20 22:08:46.788316+00:00,0.428595,/available_languages,user_profile_2,10
2024-11-20 22:08:46.797100+00:00,0.431604,/available_languages,user_profile_2,10
2024-11-20 22:08:46.799049+00:00,0.445284,/available_languages,user_profile_2,10
2024-11-20 22:08:46.799967+00:00,0.446118,/available_languages,user_profile_2,10
2024-11-20 22:08:46.801251+00:00,0.451024,/available_languages,user_profile_2,10
2024-11-20 22:08:46.802467+00:00,0.453616,/available_languages,user_profile_2,10
2024-11-20 22:08:46.804310+00:00,0.44185,/available_languages,user_profile_2,10
2024-11-20 22:08:46.805346+00:00,0.448304,/available_languages,user_profile_2,10
2024-11-20 22:08:47.209124+00:00,0.393229,/available_languages,user_profile_2,10
2024-11-20 22:08:47.210993+00:00,0.385296,/available_languages,user_profile_2,10
2024-11-20 22:08:47.213650+00:00,0.390306,/available_languages,user_profile_2,10
2024-11-20 22:08:47.214518+00:00,0.395535,/available_languages,user_profile_2,10
2024-11-20 22:08:47.239727+00:00,0.427947,/available_languages,user_profile_2,10
2024-11-20 22:08:47.241682+00:00,0.427352,/available_languages,user_profile_2,10
2024-11-20 22:08:47.245744+00:00,0.416572,/available_languages,user_profile_2,10
2024-11-20 22:08:47.248401+00:00,0.427352,/available_languages,user_profile_2,10
2024-11-20 22:08:47.249519+00:00,0.436645,/available_languages,user_profile_2,10
2024-11-20 22:08:47.250661+00:00,0.431409,/available_languages,user_profile_2,10
2024-11-20 22:08:47.651069+00:00,0.39098,/available_languages,user_profile_2,10
2024-11-20 22:08:47.651942+00:00,0.384221,/available_languages,user_profile_2,10
2024-11-20 22:08:47.696667+00:00,0.433121,/available_languages,user_profile_2,10
2024-11-20 22:08:47.697328+00:00,0.438406,/available_languages,user_profile_2,10
2024-11-20 22:08:47.698864+00:00,0.439487,/available_languages,user_profile_2,10
2024-11-20 22:08:47.699824+00:00,0.434891,/available_languages,user_profile_2,10
2024-11-20 22:08:47.700459+00:00,0.428847,/available_languages,user_profile_2,10
2024-11-20 22:08:47.701430+00:00,0.444767,/available_languages,user_profile_2,10
2024-11-20 22:08:47.702771+00:00,0.441145,/available_languages,user_profile_2,10
2024-11-20 22:08:47.743338+00:00,0.476198,/available_languages,user_profile_2,10
2024-11-20 22:08:48.136926+00:00,0.373436,/available_languages,user_profile_2,10
2024-11-20 22:08:48.143309+00:00,0.389674,/available_languages,user_profile_2,10
2024-11-20 22:08:48.168113+00:00,0.407434,/available_languages,user_profile_2,10
2024-11-20 22:08:48.169192+00:00,0.417547,/available_languages,user_profile_2,10
2024-11-20 22:08:48.170227+00:00,0.420149,/available_languages,user_profile_2,10
2024-11-20 22:08:48.172418+00:00,0.416763,/available_languages,user_profile_2,10
2024-11-20 22:08:48.173165+00:00,0.414186,/available_languages,user_profile_2,10
2024-11-20 22:08:48.181313+00:00,0.410798,/available_languages,user_profile_2,10
2024-11-20 22:08:48.182992+00:00,0.41609,/available_languages,user_profile_2,10
2024-11-20 22:08:48.183697+00:00,0.40834,/available_languages,user_profile_2,10
2024-11-20 22:08:48.713240+00:00,0.514159,/available_languages,user_profile_2,10
2024-11-20 22:08:48.716072+00:00,0.515466,/available_languages,user_profile_2,10
2024-11-20 22:08:48.719731+00:00,0.503598,/available_languages,user_profile_2,10
2024-11-20 22:08:48.721881+00:00,0.507755,/available_languages,user_profile_2,10
2024-11-20 22:08:48.725257+00:00,0.510747,/available_languages,user_profile_2,10
2024-11-20 22:08:48.769700+00:00,0.579042,/available_languages,user_profile_2,10
2024-11-20 22:08:48.772322+00:00,0.574191,/available_languages,user_profile_2,10
2024-11-20 22:08:48.774655+00:00,0.575187,/available_languages,user_profile_2,10
2024-11-20 22:08:48.778313+00:00,0.580102,/available_languages,user_profile_2,10
2024-11-20 22:08:48.782029+00:00,0.582183,/available_languages,user_profile_2,10
2024-11-20 22:08:49.144181+00:00,0.324628,/available_languages,user_profile_2,10
2024-11-20 22:08:49.158036+00:00,0.334381,/available_languages,user_profile_2,10
2024-11-20 22:08:49.158772+00:00,0.343089,/available_languages,user_profile_2,10
2024-11-20 22:08:49.159619+00:00,0.329655,/available_languages,user_profile_2,10
2024-11-20 22:08:49.161790+00:00,0.335501,/available_languages,user_profile_2,10
2024-11-20 22:08:49.162657+00:00,0.358448,/available_languages,user_profile_2,10
2024-11-20 22:08:49.163570+00:00,0.354178,/available_languages,user_profile_2,10
2024-11-20 22:08:49.164149+00:00,0.330246,/available_languages,user_profile_2,10
2024-11-20 22:08:49.164788+00:00,0.363821,/available_languages,user_profile_2,10
2024-11-20 22:08:49.165609+00:00,0.347655,/available_languages,user_profile_2,10
2024-11-20 22:08:49.491977+00:00,0.315827,/available_languages,user_profile_2,10
2024-11-20 22:08:49.493634+00:00,0.317632,/available_languages,user_profile_2,10
2024-11-20 22:08:49.494506+00:00,0.319813,/available_languages,user_profile_2,10
2024-11-20 22:08:49.536562+00:00,0.353246,/available_languages,user_profile_2,10
2024-11-20 22:08:49.538798+00:00,0.362661,/available_languages,user_profile_2,10
2024-11-20 22:08:49.543708+00:00,0.365287,/available_languages,user_profile_2,10
2024-11-20 22:08:49.548889+00:00,0.370982,/available_languages,user_profile_2,10
2024-11-20 22:08:49.552047+00:00,0.377625,/available_languages,user_profile_2,10
2024-11-20 22:08:49.554379+00:00,0.362742,/available_languages,user_profile_2,10
2024-11-20 22:08:49.556911+00:00,0.371085,/available_languages,user_profile_2,10
2024-11-20 22:08:49.953840+00:00,0.349674,/available_languages,user_profile_2,10
2024-11-20 22:08:49.954379+00:00,0.377872,/available_languages,user_profile_2,10
2024-11-20 22:08:50.043549+00:00,0.442209,/available_languages,user_profile_2,10
2024-11-20 22:08:50.044815+00:00,0.434677,/available_languages,user_profile_2,10
2024-11-20 22:08:50.046184+00:00,0.456217,/available_languages,user_profile_2,10
2024-11-20 22:08:50.047629+00:00,0.46054,/available_languages,user_profile_2,10
2024-11-20 22:08:50.048681+00:00,0.470616,/available_languages,user_profile_2,10
2024-11-20 22:08:50.049808+00:00,0.443616,/available_languages,user_profile_2,10
2024-11-20 22:08:50.050977+00:00,0.461607,/available_languages,user_profile_2,10
2024-11-20 22:08:50.080225+00:00,0.483702,/available_languages,user_profile_2,10
2024-11-20 22:08:50.488206+00:00,0.398092,/available_languages,user_profile_2,10
2024-11-20 22:08:50.490388+00:00,0.385996,/available_languages,user_profile_2,10
2024-11-20 22:08:50.493546+00:00,0.386987,/available_languages,user_profile_2,10
2024-11-20 22:08:50.495154+00:00,0.398957,/available_languages,user_profile_2,10
2024-11-20 22:08:50.496574+00:00,0.391706,/available_languages,user_profile_2,10
2024-11-20 22:08:50.497546+00:00,0.402174,/available_languages,user_profile_2,10
2024-11-20 22:08:50.498487+00:00,0.381324,/available_languages,user_profile_2,10
2024-11-20 22:08:50.499782+00:00,0.40096,/available_languages,user_profile_2,10
2024-11-20 22:08:50.501050+00:00,0.390079,/available_languages,user_profile_2,10
2024-11-20 22:08:50.502358+00:00,0.392933,/available_languages,user_profile_2,10
2024-11-20 22:08:50.904144+00:00,0.381363,/available_languages,user_profile_2,10
2024-11-20 22:08:50.949036+00:00,0.440655,/available_languages,user_profile_2,10
2024-11-20 22:08:50.950300+00:00,0.437275,/available_languages,user_profile_2,10
2024-11-20 22:08:50.952643+00:00,0.433104,/available_languages,user_profile_2,10
2024-11-20 22:08:50.953725+00:00,0.44391,/available_languages,user_profile_2,10
2024-11-20 22:08:50.954750+00:00,0.436514,/available_languages,user_profile_2,10
2024-11-20 22:08:50.955751+00:00,0.444669,/available_languages,user_profile_2,10
2024-11-20 22:08:50.958260+00:00,0.44147,/available_languages,user_profile_2,10
2024-11-20 22:08:50.960961+00:00,0.438952,/available_languages,user_profile_2,10
2024-11-20 22:08:50.961882+00:00,0.44575,/available_languages,user_profile_2,10
2024-11-20 22:08:51.343904+00:00,0.364327,/available_languages,user_profile_2,10
2024-11-20 22:08:51.345433+00:00,0.377923,/available_languages,user_profile_2,10
2024-11-20 22:08:51.348286+00:00,0.378912,/available_languages,user_profile_2,10
2024-11-20 22:08:51.350096+00:00,0.37429,/available_languages,user_profile_2,10
2024-11-20 22:08:51.368247+00:00,0.398081,/available_languages,user_profile_2,10
2024-11-20 22:08:51.368850+00:00,0.399539,/available_languages,user_profile_2,10
2024-11-20 22:08:51.378837+00:00,0.401064,/available_languages,user_profile_2,10
2024-11-20 22:08:51.380836+00:00,0.406906,/available_languages,user_profile_2,10
2024-11-20 22:08:51.381488+00:00,0.405309,/available_languages,user_profile_2,10
2024-11-20 22:08:51.382113+00:00,0.406358,/available_languages,user_profile_2,10
2024-11-20 22:08:51.727935+00:00,0.336625,/available_languages,user_profile_2,10
2024-11-20 22:08:51.738147+00:00,0.341331,/available_languages,user_profile_2,10
2024-11-20 22:08:51.773731+00:00,0.384519,/available_languages,user_profile_2,10
2024-11-20 22:08:51.781655+00:00,0.387803,/available_languages,user_profile_2,10
2024-11-20 22:08:51.782620+00:00,0.384819,/available_languages,user_profile_2,10
2024-11-20 22:08:51.783796+00:00,0.393461,/available_languages,user_profile_2,10
2024-11-20 22:08:51.785019+00:00,0.390004,/available_languages,user_profile_2,10
2024-11-20 22:08:51.785722+00:00,0.393119,/available_languages,user_profile_2,10
2024-11-20 22:08:51.786665+00:00,0.394227,/available_languages,user_profile_2,10
2024-11-20 22:08:51.787392+00:00,0.397479,/available_languages,user_profile_2,10
2024-11-20 22:08:52.189010+00:00,0.387621,/available_languages,user_profile_2,10
2024-11-20 22:08:52.192835+00:00,0.399201,/available_languages,user_profile_2,10
2024-11-20 22:08:52.196338+00:00,0.385152,/available_languages,user_profile_2,10
2024-11-20 22:08:52.198993+00:00,0.383092,/available_languages,user_profile_2,10
2024-11-20 22:08:52.204314+00:00,0.403748,/available_languages,user_profile_2,10
2024-11-20 22:08:52.206684+00:00,0.407553,/available_languages,user_profile_2,10
2024-11-20 22:08:52.223178+00:00,0.425199,/available_languages,user_profile_2,10
2024-11-20 22:08:52.228151+00:00,0.432293,/available_languages,user_profile_2,10
2024-11-20 22:08:52.247681+00:00,0.451697,/available_languages,user_profile_2,10
2024-11-20 22:08:52.250294+00:00,0.442053,/available_languages,user_profile_2,10
2024-11-20 22:08:52.624225+00:00,0.358238,/available_languages,user_profile_2,10
2024-11-20 22:08:52.648382+00:00,0.367104,/available_languages,user_profile_2,10
2024-11-20 22:08:52.663673+00:00,0.400955,/available_languages,user_profile_2,10
2024-11-20 22:08:52.675180+00:00,0.405919,/available_languages,user_profile_2,10
2024-11-20 22:08:52.686548+00:00,0.412537,/available_languages,user_profile_2,10
2024-11-20 22:08:52.687825+00:00,0.401547,/available_languages,user_profile_2,10
2024-11-20 22:08:52.700075+00:00,0.428313,/available_languages,user_profile_2,10
2024-11-20 22:08:52.701011+00:00,0.410285,/available_languages,user_profile_2,10
2024-11-20 22:08:52.702586+00:00,0.408396,/available_languages,user_profile_2,10
2024-11-20 22:08:52.703356+00:00,0.423118,/available_languages,user_profile_2,10
2024-11-20 22:08:53.113930+00:00,0.404772,/available_languages,user_profile_2,10
2024-11-20 22:08:53.115199+00:00,0.403338,/available_languages,user_profile_2,10
2024-11-20 22:08:53.116707+00:00,0.402179,/available_languages,user_profile_2,10
2024-11-20 22:08:53.117348+00:00,0.397316,/available_languages,user_profile_2,10
2024-11-20 22:08:53.186332+00:00,0.466873,/available_languages,user_profile_2,10
2024-11-20 22:08:53.187965+00:00,0.472529,/available_languages,user_profile_2,10
2024-11-20 22:08:53.190413+00:00,0.47806,/available_languages,user_profile_2,10
2024-11-20 22:08:53.194249+00:00,0.476466,/available_languages,user_profile_2,10
2024-11-20 22:08:53.197822+00:00,0.479267,/available_languages,user_profile_2,10
2024-11-20 22:08:53.200926+00:00,0.490108,/available_languages,user_profile_2,10
2024-11-20 22:08:53.597729+00:00,0.35267,/available_languages,user_profile_2,10
2024-11-20 22:08:53.598624+00:00,0.369694,/available_languages,user_profile_2,10
2024-11-20 22:08:53.666128+00:00,0.443076,/available_languages,user_profile_2,10
2024-11-20 22:08:53.670107+00:00,0.451012,/available_languages,user_profile_2,10
2024-11-20 22:08:53.671415+00:00,0.429651,/available_languages,user_profile_2,10
2024-11-20 22:08:53.672041+00:00,0.454836,/available_languages,user_profile_2,10
2024-11-20 22:08:53.679669+00:00,0.443922,/available_languages,user_profile_2,10
2024-11-20 22:08:53.680539+00:00,0.452959,/available_languages,user_profile_2,10
2024-11-20 22:08:53.681214+00:00,0.465155,/available_languages,user_profile_2,10
2024-11-20 22:08:53.686135+00:00,0.45347,/available_languages,user_profile_2,10
2024-11-20 22:08:54.045733+00:00,0.350017,/available_languages,user_profile_2,10
2024-11-20 22:08:54.048220+00:00,0.352235,/available_languages,user_profile_2,10
2024-11-20 22:08:54.070206+00:00,0.372969,/available_languages,user_profile_2,10
2024-11-20 22:08:54.073440+00:00,0.378644,/available_languages,user_profile_2,10
2024-11-20 22:08:54.083053+00:00,0.382971,/available_languages,user_profile_2,10
2024-11-20 22:08:54.085489+00:00,0.377009,/available_languages,user_profile_2,10
2024-11-20 22:08:54.088907+00:00,0.387299,/available_languages,user_profile_2,10
2024-11-20 22:08:54.091416+00:00,0.385941,/available_languages,user_profile_2,10
2024-11-20 22:08:54.095257+00:00,0.393889,/available_languages,user_profile_2,10
2024-11-20 22:08:54.098773+00:00,0.400002,/available_languages,user_profile_2,10
2024-11-20 22:08:54.501359+00:00,0.383933,/available_languages,user_profile_2,10
2024-11-20 22:08:54.506182+00:00,0.382612,/available_languages,user_profile_2,10
2024-11-20 22:08:54.509839+00:00,0.378821,/available_languages,user_profile_2,10
2024-11-20 22:08:54.514469+00:00,0.365048,/available_languages,user_profile_2,10
2024-11-20 22:08:54.552622+00:00,0.39901,/available_languages,user_profile_2,10
2024-11-20 22:08:54.556597+00:00,0.408738,/available_languages,user_profile_2,10
2024-11-20 22:08:54.558585+00:00,0.422358,/available_languages,user_profile_2,10
2024-11-20 22:08:54.560586+00:00,0.41664,/available_languages,user_profile_2,10
2024-11-20 22:08:54.563058+00:00,0.402266,/available_languages,user_profile_2,10
2024-11-20 22:08:54.566769+00:00,0.449403,/available_languages,user_profile_2,10
2024-11-20 22:08:55.007903+00:00,0.412844,/available_languages,user_profile_2,10
2024-11-20 22:08:55.008813+00:00,0.407913,/available_languages,user_profile_2,10
2024-11-20 22:08:55.010171+00:00,0.429406,/available_languages,user_profile_2,10
2024-11-20 22:08:55.013901+00:00,0.414592,/available_languages,user_profile_2,10
2024-11-20 22:08:55.014418+00:00,0.430386,/available_languages,user_profile_2,10
2024-11-20 22:08:55.023863+00:00,0.416537,/available_languages,user_profile_2,10
2024-11-20 22:08:55.025019+00:00,0.433769,/available_languages,user_profile_2,10
2024-11-20 22:08:55.025844+00:00,0.412416,/available_languages,user_profile_2,10
2024-11-20 22:08:55.026692+00:00,0.422266,/available_languages,user_profile_2,10
2024-11-20 22:08:55.027346+00:00,0.439045,/available_languages,user_profile_2,10
2024-11-20 22:08:55.331833+00:00,0.29663,/available_languages,user_profile_2,10
2024-11-20 22:08:55.334244+00:00,0.300604,/available_languages,user_profile_2,10
2024-11-20 22:08:55.343704+00:00,0.30646,/available_languages,user_profile_2,10
2024-11-20 22:08:55.345546+00:00,0.313081,/available_languages,user_profile_2,10
2024-11-20 22:08:55.371440+00:00,0.336966,/available_languages,user_profile_2,10
2024-11-20 22:08:55.372092+00:00,0.332076,/available_languages,user_profile_2,10
2024-11-20 22:08:55.382168+00:00,0.350175,/available_languages,user_profile_2,10
2024-11-20 22:08:55.384065+00:00,0.345462,/available_languages,user_profile_2,10
2024-11-20 22:08:55.385154+00:00,0.349157,/available_languages,user_profile_2,10
2024-11-20 22:08:55.385965+00:00,0.346771,/available_languages,user_profile_2,10
2024-11-20 22:08:55.805322+00:00,0.405674,/available_languages,user_profile_2,10
2024-11-20 22:08:55.805903+00:00,0.413288,/available_languages,user_profile_2,10
2024-11-20 22:08:55.807541+00:00,0.404942,/available_languages,user_profile_2,10
2024-11-20 22:08:55.852146+00:00,0.459077,/available_languages,user_profile_2,10
2024-11-20 22:08:55.853548+00:00,0.459551,/available_languages,user_profile_2,10
2024-11-20 22:08:55.854881+00:00,0.457278,/available_languages,user_profile_2,10
2024-11-20 22:08:55.856893+00:00,0.448978,/available_languages,user_profile_2,10
2024-11-20 22:08:55.857967+00:00,0.461604,/available_languages,user_profile_2,10
2024-11-20 22:08:55.859402+00:00,0.454509,/available_languages,user_profile_2,10
2024-11-20 22:08:55.860822+00:00,0.458895,/available_languages,user_profile_2,10
2024-11-20 22:08:56.276566+00:00,0.39419,/available_languages,user_profile_2,10
2024-11-20 22:08:56.277432+00:00,0.402743,/available_languages,user_profile_2,10
2024-11-20 22:08:56.286113+00:00,0.405475,/available_languages,user_profile_2,10
2024-11-20 22:08:56.287297+00:00,0.417012,/available_languages,user_profile_2,10
2024-11-20 22:08:56.287998+00:00,0.410116,/available_languages,user_profile_2,10
2024-11-20 22:08:56.289655+00:00,0.421789,/available_languages,user_profile_2,10
2024-11-20 22:08:56.290832+00:00,0.422061,/available_languages,user_profile_2,10
2024-11-20 22:08:56.291463+00:00,0.410139,/available_languages,user_profile_2,10
2024-11-20 22:08:56.295066+00:00,0.422161,/available_languages,user_profile_2,10
2024-11-20 22:08:56.295822+00:00,0.423421,/available_languages,user_profile_2,10
2024-11-20 22:08:56.683765+00:00,0.374164,/available_languages,user_profile_2,10
2024-11-20 22:08:56.686940+00:00,0.378772,/available_languages,user_profile_2,10
2024-11-20 22:08:56.689486+00:00,0.383537,/available_languages,user_profile_2,10
2024-11-20 22:08:56.690420+00:00,0.380078,/available_languages,user_profile_2,10
2024-11-20 22:08:56.693797+00:00,0.392873,/available_languages,user_profile_2,10
2024-11-20 22:08:56.724428+00:00,0.422628,/available_languages,user_profile_2,10
2024-11-20 22:08:56.725148+00:00,0.4212,/available_languages,user_profile_2,10
2024-11-20 22:08:56.726160+00:00,0.418735,/available_languages,user_profile_2,10
2024-11-20 22:08:56.727193+00:00,0.423512,/available_languages,user_profile_2,10
2024-11-20 22:08:56.728666+00:00,0.423828,/available_languages,user_profile_2,10
2024-11-20 22:08:57.136440+00:00,0.392833,/available_languages,user_profile_2,10
2024-11-20 22:08:57.137724+00:00,0.397779,/available_languages,user_profile_2,10
2024-11-20 22:08:57.138237+00:00,0.403997,/available_languages,user_profile_2,10
2024-11-20 22:08:57.139590+00:00,0.397506,/available_languages,user_profile_2,10
2024-11-20 22:08:57.167800+00:00,0.42329,/available_languages,user_profile_2,10
2024-11-20 22:08:57.168761+00:00,0.432175,/available_languages,user_profile_2,10
2024-11-20 22:08:57.169686+00:00,0.433905,/available_languages,user_profile_2,10
2024-11-20 22:08:57.170656+00:00,0.435772,/available_languages,user_profile_2,10
2024-11-20 22:08:57.171924+00:00,0.433356,/available_languages,user_profile_2,10
2024-11-20 22:08:57.172831+00:00,0.43199,/available_languages,user_profile_2,10
2024-11-20 22:08:57.553567+00:00,0.375081,/available_languages,user_profile_2,10
2024-11-20 22:08:57.554168+00:00,0.368552,/available_languages,user_profile_2,10
2024-11-20 22:08:57.588257+00:00,0.405558,/available_languages,user_profile_2,10
2024-11-20 22:08:57.589881+00:00,0.408447,/available_languages,user_profile_2,10
2024-11-20 22:08:57.591273+00:00,0.413909,/available_languages,user_profile_2,10
2024-11-20 22:08:57.593522+00:00,0.407683,/available_languages,user_profile_2,10
2024-11-20 22:08:57.594765+00:00,0.410925,/available_languages,user_profile_2,10
2024-11-20 22:08:57.596425+00:00,0.415498,/available_languages,user_profile_2,10
2024-11-20 22:08:57.597655+00:00,0.418242,/available_languages,user_profile_2,10
2024-11-20 22:08:57.598398+00:00,0.409312,/available_languages,user_profile_2,10
2024-11-20 22:08:58.010260+00:00,0.395233,/available_languages,user_profile_2,10
2024-11-20 22:08:58.011171+00:00,0.403551,/available_languages,user_profile_2,10
2024-11-20 22:08:58.013006+00:00,0.406949,/available_languages,user_profile_2,10
2024-11-20 22:08:58.019129+00:00,0.413967,/available_languages,user_profile_2,10
2024-11-20 22:08:58.029924+00:00,0.416399,/available_languages,user_profile_2,10
2024-11-20 22:08:58.033552+00:00,0.422495,/available_languages,user_profile_2,10
2024-11-20 22:08:58.034571+00:00,0.423672,/available_languages,user_profile_2,10
2024-11-20 22:08:58.038730+00:00,0.420599,/available_languages,user_profile_2,10
2024-11-20 22:08:58.039789+00:00,0.427522,/available_languages,user_profile_2,10
2024-11-20 22:08:58.040850+00:00,0.43471,/available_languages,user_profile_2,10
2024-11-20 22:08:58.404286+00:00,0.355831,/available_languages,user_profile_2,10
2024-11-20 22:08:58.405145+00:00,0.347762,/available_languages,user_profile_2,10
2024-11-20 22:08:58.430585+00:00,0.384504,/available_languages,user_profile_2,10
2024-11-20 22:08:58.443303+00:00,0.389686,/available_languages,user_profile_2,10
2024-11-20 22:08:58.444150+00:00,0.396738,/available_languages,user_profile_2,10
2024-11-20 22:08:58.445266+00:00,0.390094,/available_languages,user_profile_2,10
2024-11-20 22:08:58.446045+00:00,0.390065,/available_languages,user_profile_2,10
2024-11-20 22:08:58.446683+00:00,0.395573,/available_languages,user_profile_2,10
2024-11-20 22:08:58.447447+00:00,0.395478,/available_languages,user_profile_2,10
2024-11-20 22:08:58.448323+00:00,0.397723,/available_languages,user_profile_2,10
2024-11-20 22:08:58.768735+00:00,0.310805,/available_languages,user_profile_2,10
2024-11-20 22:08:58.770148+00:00,0.317439,/available_languages,user_profile_2,10
2024-11-20 22:08:58.777242+00:00,0.321392,/available_languages,user_profile_2,10
2024-11-20 22:08:58.777807+00:00,0.320159,/available_languages,user_profile_2,10
2024-11-20 22:08:58.803286+00:00,0.349874,/available_languages,user_profile_2,10
2024-11-20 22:08:58.803889+00:00,0.347961,/available_languages,user_profile_2,10
2024-11-20 22:08:58.805584+00:00,0.351537,/available_languages,user_profile_2,10
2024-11-20 22:08:58.806647+00:00,0.353578,/available_languages,user_profile_2,10
2024-11-20 22:08:58.820008+00:00,0.363566,/available_languages,user_profile_2,10
2024-11-20 22:08:58.821118+00:00,0.362131,/available_languages,user_profile_2,10
2024-11-20 22:08:59.206938+00:00,0.378262,/available_languages,user_profile_2,10
2024-11-20 22:08:59.208171+00:00,0.382561,/available_languages,user_profile_2,10
2024-11-20 22:08:59.209198+00:00,0.377376,/available_languages,user_profile_2,10
2024-11-20 22:08:59.209739+00:00,0.375991,/available_languages,user_profile_2,10
2024-11-20 22:08:59.248352+00:00,0.416826,/available_languages,user_profile_2,10
2024-11-20 22:08:59.249476+00:00,0.414985,/available_languages,user_profile_2,10
2024-11-20 22:08:59.251429+00:00,0.414759,/available_languages,user_profile_2,10
2024-11-20 22:08:59.252694+00:00,0.417935,/available_languages,user_profile_2,10
2024-11-20 22:08:59.253443+00:00,0.423764,/available_languages,user_profile_2,10
2024-11-20 22:08:59.254263+00:00,0.424872,/available_languages,user_profile_2,10
2024-11-20 22:08:59.642640+00:00,0.380121,/available_languages,user_profile_2,10
2024-11-20 22:08:59.644998+00:00,0.381573,/available_languages,user_profile_2,10
2024-11-20 22:08:59.673466+00:00,0.406621,/available_languages,user_profile_2,10
2024-11-20 22:08:59.674067+00:00,0.413016,/available_languages,user_profile_2,10
2024-11-20 22:08:59.674660+00:00,0.412125,/available_languages,user_profile_2,10
2024-11-20 22:08:59.686474+00:00,0.418253,/available_languages,user_profile_2,10
2024-11-20 22:08:59.688023+00:00,0.413388,/available_languages,user_profile_2,10
2024-11-20 22:08:59.689478+00:00,0.424304,/available_languages,user_profile_2,10
2024-11-20 22:08:59.690523+00:00,0.420496,/available_languages,user_profile_2,10
2024-11-20 22:08:59.691248+00:00,0.41657,/available_languages,user_profile_2,10
2024-11-20 22:09:00.048969+00:00,0.349891,/available_languages,user_profile_2,10
2024-11-20 22:09:00.049545+00:00,0.34659,/available_languages,user_profile_2,10
2024-11-20 22:09:00.090965+00:00,0.385405,/available_languages,user_profile_2,10
2024-11-20 22:09:00.091953+00:00,0.39549,/available_languages,user_profile_2,10
2024-11-20 22:09:00.095605+00:00,0.398069,/available_languages,user_profile_2,10
2024-11-20 22:09:00.097084+00:00,0.396482,/available_languages,user_profile_2,10
2024-11-20 22:09:00.098459+00:00,0.391581,/available_languages,user_profile_2,10
2024-11-20 22:09:00.099365+00:00,0.38827,/available_languages,user_profile_2,10
2024-11-20 22:09:00.100211+00:00,0.39421,/available_languages,user_profile_2,10
2024-11-20 22:09:00.101226+00:00,0.399971,/available_languages,user_profile_2,10
2024-11-20 22:09:00.470982+00:00,0.353623,/available_languages,user_profile_2,10
2024-11-20 22:09:00.485027+00:00,0.36637,/available_languages,user_profile_2,10
2024-11-20 22:09:00.523151+00:00,0.411507,/available_languages,user_profile_2,10
2024-11-20 22:09:00.554383+00:00,0.4411,/available_languages,user_profile_2,10
2024-11-20 22:09:00.555621+00:00,0.447319,/available_languages,user_profile_2,10
2024-11-20 22:09:00.557215+00:00,0.441686,/available_languages,user_profile_2,10
2024-11-20 22:09:00.557977+00:00,0.449845,/available_languages,user_profile_2,10
2024-11-20 22:09:00.559579+00:00,0.445452,/available_languages,user_profile_2,10
2024-11-20 22:09:00.560708+00:00,0.450081,/available_languages,user_profile_2,10
2024-11-20 22:09:00.561455+00:00,0.449599,/available_languages,user_profile_2,10
2024-11-20 22:09:00.965381+00:00,0.394219,/available_languages,user_profile_2,10
2024-11-20 22:09:00.968683+00:00,0.392819,/available_languages,user_profile_2,10
2024-11-20 22:09:00.973404+00:00,0.399449,/available_languages,user_profile_2,10
2024-11-20 22:09:00.974895+00:00,0.407058,/available_languages,user_profile_2,10
2024-11-20 22:09:01.014024+00:00,0.444129,/available_languages,user_profile_2,10
2024-11-20 22:09:01.014665+00:00,0.437211,/available_languages,user_profile_2,10
2024-11-20 22:09:01.016041+00:00,0.44885,/available_languages,user_profile_2,10
2024-11-20 22:09:01.017360+00:00,0.437191,/available_languages,user_profile_2,10
2024-11-20 22:09:01.018355+00:00,0.440216,/available_languages,user_profile_2,10
2024-11-20 22:09:01.019039+00:00,0.443664,/available_languages,user_profile_2,10
2024-11-20 22:09:01.449414+00:00,0.425322,/available_languages,user_profile_2,10
2024-11-20 22:09:01.450310+00:00,0.417574,/available_languages,user_profile_2,10
2024-11-20 22:09:01.451235+00:00,0.422417,/available_languages,user_profile_2,10
2024-11-20 22:09:01.452158+00:00,0.425348,/available_languages,user_profile_2,10
2024-11-20 22:09:01.454566+00:00,0.4286,/available_languages,user_profile_2,10
2024-11-20 22:09:01.455624+00:00,0.421061,/available_languages,user_profile_2,10
2024-11-20 22:09:01.462450+00:00,0.434473,/available_languages,user_profile_2,10
2024-11-20 22:09:01.463437+00:00,0.433285,/available_languages,user_profile_2,10
2024-11-20 22:09:01.465143+00:00,0.433451,/available_languages,user_profile_2,10
2024-11-20 22:09:01.465884+00:00,0.439957,/available_languages,user_profile_2,10
2024-11-20 22:09:01.875814+00:00,0.404941,/available_languages,user_profile_2,10
2024-11-20 22:09:01.876428+00:00,0.399772,/available_languages,user_profile_2,10
2024-11-20 22:09:01.877544+00:00,0.404226,/available_languages,user_profile_2,10
2024-11-20 22:09:01.878131+00:00,0.395999,/available_languages,user_profile_2,10
2024-11-20 22:09:01.898063+00:00,0.423185,/available_languages,user_profile_2,10
2024-11-20 22:09:01.899657+00:00,0.423104,/available_languages,user_profile_2,10
2024-11-20 22:09:01.900387+00:00,0.418607,/available_languages,user_profile_2,10
2024-11-20 22:09:01.901047+00:00,0.427169,/available_languages,user_profile_2,10
2024-11-20 22:09:01.908381+00:00,0.42762,/available_languages,user_profile_2,10
2024-11-20 22:09:01.909933+00:00,0.431641,/available_languages,user_profile_2,10
2024-11-20 22:09:02.298596+00:00,0.380197,/available_languages,user_profile_2,10
2024-11-20 22:09:02.299149+00:00,0.379619,/available_languages,user_profile_2,10
2024-11-20 22:09:02.300390+00:00,0.378101,/available_languages,user_profile_2,10
2024-11-20 22:09:02.301306+00:00,0.38524,/available_languages,user_profile_2,10
2024-11-20 22:09:02.330970+00:00,0.413612,/available_languages,user_profile_2,10
2024-11-20 22:09:02.332569+00:00,0.415878,/available_languages,user_profile_2,10
2024-11-20 22:09:02.333643+00:00,0.407732,/available_languages,user_profile_2,10
2024-11-20 22:09:02.334353+00:00,0.411671,/available_languages,user_profile_2,10
2024-11-20 22:09:02.336054+00:00,0.410872,/available_languages,user_profile_2,10
2024-11-20 22:09:02.336936+00:00,0.415814,/available_languages,user_profile_2,10
2024-11-20 22:09:02.752727+00:00,0.403584,/available_languages,user_profile_2,10
2024-11-20 22:09:02.753644+00:00,0.405619,/available_languages,user_profile_2,10
2024-11-20 22:09:02.755461+00:00,0.409977,/available_languages,user_profile_2,10
2024-11-20 22:09:02.756207+00:00,0.408422,/available_languages,user_profile_2,10
2024-11-20 22:09:02.757047+00:00,0.414636,/available_languages,user_profile_2,10
2024-11-20 22:09:02.788119+00:00,0.432167,/available_languages,user_profile_2,10
2024-11-20 22:09:02.789601+00:00,0.445424,/available_languages,user_profile_2,10
2024-11-20 22:09:02.791172+00:00,0.438177,/available_languages,user_profile_2,10
2024-11-20 22:09:02.792284+00:00,0.437688,/available_languages,user_profile_2,10
2024-11-20 22:09:02.793033+00:00,0.440424,/available_languages,user_profile_2,10
2024-11-20 22:09:03.213160+00:00,0.404106,/available_languages,user_profile_2,10
2024-11-20 22:09:03.217356+00:00,0.417898,/available_languages,user_profile_2,10
2024-11-20 22:09:03.218421+00:00,0.412093,/available_languages,user_profile_2,10
2024-11-20 22:09:03.219660+00:00,0.408959,/available_languages,user_profile_2,10
2024-11-20 22:09:03.220989+00:00,0.416289,/available_languages,user_profile_2,10
2024-11-20 22:09:03.221616+00:00,0.418664,/available_languages,user_profile_2,10
2024-11-20 22:09:03.222338+00:00,0.420024,/available_languages,user_profile_2,10
2024-11-20 22:09:03.223540+00:00,0.42488,/available_languages,user_profile_2,10
2024-11-20 22:09:03.224559+00:00,0.416752,/available_languages,user_profile_2,10
2024-11-20 22:09:03.226417+00:00,0.421423,/available_languages,user_profile_2,10
2024-11-20 22:09:03.612842+00:00,0.380961,/available_languages,user_profile_2,10
2024-11-20 22:09:03.614630+00:00,0.381413,/available_languages,user_profile_2,10
2024-11-20 22:09:03.615775+00:00,0.3785,/available_languages,user_profile_2,10
2024-11-20 22:09:03.655336+00:00,0.419776,/available_languages,user_profile_2,10
2024-11-20 22:09:03.656610+00:00,0.422521,/available_languages,user_profile_2,10
2024-11-20 22:09:03.658155+00:00,0.418078,/available_languages,user_profile_2,10
2024-11-20 22:09:03.659587+00:00,0.428202,/available_languages,user_profile_2,10
2024-11-20 22:09:03.660508+00:00,0.417928,/available_languages,user_profile_2,10
2024-11-20 22:09:03.661718+00:00,0.413122,/available_languages,user_profile_2,10
2024-11-20 22:09:03.662716+00:00,0.416144,/available_languages,user_profile_2,10
2024-11-20 22:09:04.070394+00:00,0.389247,/available_languages,user_profile_2,10
2024-11-20 22:09:04.071183+00:00,0.401843,/available_languages,user_profile_2,10
2024-11-20 22:09:04.071764+00:00,0.393986,/available_languages,user_profile_2,10
2024-11-20 22:09:04.072695+00:00,0.399346,/available_languages,user_profile_2,10
2024-11-20 22:09:04.111827+00:00,0.426228,/available_languages,user_profile_2,10
2024-11-20 22:09:04.112943+00:00,0.434873,/available_languages,user_profile_2,10
2024-11-20 22:09:04.114479+00:00,0.434292,/available_languages,user_profile_2,10
2024-11-20 22:09:04.115572+00:00,0.443158,/available_languages,user_profile_2,10
2024-11-20 22:09:04.116491+00:00,0.436127,/available_languages,user_profile_2,10
2024-11-20 22:09:04.117698+00:00,0.443151,/available_languages,user_profile_2,10
2024-11-20 22:09:04.532023+00:00,0.392919,/available_languages,user_profile_2,10
2024-11-20 22:09:04.534089+00:00,0.405726,/available_languages,user_profile_2,10
2024-11-20 22:09:04.537910+00:00,0.408218,/available_languages,user_profile_2,10
2024-11-20 22:09:04.550164+00:00,0.42369,/available_languages,user_profile_2,10
2024-11-20 22:09:04.583294+00:00,0.44818,/available_languages,user_profile_2,10
2024-11-20 22:09:04.586764+00:00,0.455662,/available_languages,user_profile_2,10
2024-11-20 22:09:04.590772+00:00,0.465655,/available_languages,user_profile_2,10
2024-11-20 22:09:04.595967+00:00,0.468125,/available_languages,user_profile_2,10
2024-11-20 22:09:04.598129+00:00,0.458796,/available_languages,user_profile_2,10
2024-11-20 22:09:04.600635+00:00,0.451145,/available_languages,user_profile_2,10
2024-11-20 22:09:05.002135+00:00,0.382824,/available_languages,user_profile_2,10
2024-11-20 22:09:05.025765+00:00,0.371162,/available_languages,user_profile_2,10
2024-11-20 22:09:05.027097+00:00,0.393979,/available_languages,user_profile_2,10
2024-11-20 22:09:05.028299+00:00,0.400838,/available_languages,user_profile_2,10
2024-11-20 22:09:05.028919+00:00,0.379252,/available_languages,user_profile_2,10
2024-11-20 22:09:05.035322+00:00,0.391095,/available_languages,user_profile_2,10
2024-11-20 22:09:05.037782+00:00,0.396019,/available_languages,user_profile_2,10
2024-11-20 22:09:05.039352+00:00,0.423697,/available_languages,user_profile_2,10
2024-11-20 22:09:05.040764+00:00,0.404393,/available_languages,user_profile_2,10
2024-11-20 22:09:05.041459+00:00,0.418295,/available_languages,user_profile_2,10
2024-11-20 22:09:05.437273+00:00,0.38873,/available_languages,user_profile_2,10
2024-11-20 22:09:05.438169+00:00,0.392024,/available_languages,user_profile_2,10
2024-11-20 22:09:05.439031+00:00,0.387594,/available_languages,user_profile_2,10
2024-11-20 22:09:05.440011+00:00,0.390536,/available_languages,user_profile_2,10
2024-11-20 22:09:05.473166+00:00,0.419554,/available_languages,user_profile_2,10
2024-11-20 22:09:05.474518+00:00,0.423952,/available_languages,user_profile_2,10
2024-11-20 22:09:05.475828+00:00,0.428475,/available_languages,user_profile_2,10
2024-11-20 22:09:05.477588+00:00,0.420482,/available_languages,user_profile_2,10
2024-11-20 22:09:05.478329+00:00,0.42452,/available_languages,user_profile_2,10
2024-11-20 22:09:05.479563+00:00,0.424399,/available_languages,user_profile_2,10
2024-11-20 22:09:05.829488+00:00,0.341097,/available_languages,user_profile_2,10
2024-11-20 22:09:05.872160+00:00,0.385597,/available_languages,user_profile_2,10
2024-11-20 22:09:05.873102+00:00,0.378096,/available_languages,user_profile_2,10
2024-11-20 22:09:05.874082+00:00,0.388725,/available_languages,user_profile_2,10
2024-11-20 22:09:05.874778+00:00,0.374801,/available_languages,user_profile_2,10
2024-11-20 22:09:05.875734+00:00,0.381639,/available_languages,user_profile_2,10
2024-11-20 22:09:05.878301+00:00,0.387497,/available_languages,user_profile_2,10
2024-11-20 22:09:05.882026+00:00,0.389486,/available_languages,user_profile_2,10
2024-11-20 22:09:05.883016+00:00,0.360175,/available_languages,user_profile_2,10
2024-11-20 22:09:05.884260+00:00,0.394749,/available_languages,user_profile_2,10
2024-11-20 22:09:06.265867+00:00,0.366238,/available_languages,user_profile_2,10
2024-11-20 22:09:06.266779+00:00,0.369026,/available_languages,user_profile_2,10
2024-11-20 22:09:06.312318+00:00,0.412501,/available_languages,user_profile_2,10
2024-11-20 22:09:06.314303+00:00,0.419669,/available_languages,user_profile_2,10
2024-11-20 22:09:06.336759+00:00,0.439902,/available_languages,user_profile_2,10
2024-11-20 22:09:06.338950+00:00,0.433462,/available_languages,user_profile_2,10
2024-11-20 22:09:06.341952+00:00,0.438555,/available_languages,user_profile_2,10
2024-11-20 22:09:06.346430+00:00,0.452179,/available_languages,user_profile_2,10
2024-11-20 22:09:06.348574+00:00,0.444688,/available_languages,user_profile_2,10
2024-11-20 22:09:06.351793+00:00,0.457092,/available_languages,user_profile_2,10
2024-11-20 22:09:06.800716+00:00,0.418705,/available_languages,user_profile_2,10
2024-11-20 22:09:06.802764+00:00,0.395328,/available_languages,user_profile_2,10
2024-11-20 22:09:06.804696+00:00,0.402359,/available_languages,user_profile_2,10
2024-11-20 22:09:06.811305+00:00,0.416101,/available_languages,user_profile_2,10
2024-11-20 22:09:06.814608+00:00,0.438145,/available_languages,user_profile_2,10
2024-11-20 22:09:06.816662+00:00,0.418375,/available_languages,user_profile_2,10
2024-11-20 22:09:06.820847+00:00,0.42683,/available_languages,user_profile_2,10
2024-11-20 22:09:06.823420+00:00,0.432919,/available_languages,user_profile_2,10
2024-11-20 22:09:06.825603+00:00,0.433329,/available_languages,user_profile_2,10
2024-11-20 22:09:06.828006+00:00,0.422332,/available_languages,user_profile_2,10
2024-11-20 22:09:07.278175+00:00,0.412771,/available_languages,user_profile_2,10
2024-11-20 22:09:07.278759+00:00,0.435957,/available_languages,user_profile_2,10
2024-11-20 22:09:07.282112+00:00,0.411311,/available_languages,user_profile_2,10
2024-11-20 22:09:07.282748+00:00,0.434519,/available_languages,user_profile_2,10
2024-11-20 22:09:07.310720+00:00,0.432568,/available_languages,user_profile_2,10
2024-11-20 22:09:07.311888+00:00,0.45123,/available_languages,user_profile_2,10
2024-11-20 22:09:07.313439+00:00,0.462103,/available_languages,user_profile_2,10
2024-11-20 22:09:07.314250+00:00,0.439682,/available_languages,user_profile_2,10
2024-11-20 22:09:07.315358+00:00,0.470752,/available_languages,user_profile_2,10
2024-11-20 22:09:07.316471+00:00,0.459335,/available_languages,user_profile_2,10
